Request_ID,Feature_Name,Priority,Requested_By,Date,Status,Stakeholder_Alignment,Estimated_Effort,Target_Release,Notes,Reference
KB-011,Advanced Analytics Dashboard,High,Product Team,2026-03-01,Planned,90%,Medium,Build-All 2.0,Business intelligence priority,KB-011
KB-012,Real-time Collaboration,High,Engineering,2026-03-05,Planned,85%,High,Build-All 2.0,Team productivity enhancement,KB-012
KB-013,AI-Powered Recommendations,Medium,Data Science,2026-03-10,Under Review,80%,High,Build-All 2.1,Machine learning integration,KB-013
KB-014,Enhanced Security Features,High,Security Team,2026-03-15,Approved,95%,Medium,Build-All 2.0,Zero-trust architecture,KB-014
KB-015,Mobile Offline Mode,Medium,Mobile Team,2026-03-20,Planned,75%,High,Build-All 2.1,Connectivity independence,KB-015
KB-016,Advanced Reporting,High,Business Users,2026-03-25,Approved,90%,Medium,Build-All 2.0,Executive dashboard needs,KB-016
KB-017,API Gateway Enhancement,Medium,DevOps,2026-04-01,Under Review,85%,Medium,Build-All 2.1,Microservices architecture,KB-017
KB-018,Multi-language Support,Medium,International Team,2026-04-05,Planned,70%,Low,Build-All 2.2,Global expansion,KB-018
KB-019,Performance Monitoring,High,Operations,2026-04-10,Approved,95%,Low,Build-All 2.0,System reliability,KB-019
KB-020,User Personalization,Medium,UX Team,2026-04-15,Under Review,80%,Medium,Build-All 2.1,Customization features,KB-020
KB-021,Advanced Search,High,Product Management,2026-04-20,Planned,90%,Medium,Build-All 2.0,User experience improvement,KB-021
KB-022,Integration Marketplace,Medium,Partners,2026-04-25,Under Review,75%,High,Build-All 2.2,Ecosystem expansion,KB-022
KB-023,Automated Testing Suite,High,QA Team,2026-05-01,Approved,95%,Medium,Build-All 2.0,Quality assurance,KB-023
KB-024,Disaster Recovery,High,Infrastructure,2026-05-05,Approved,100%,High,Build-All 2.0,Business continuity,KB-024
KB-025,Blockchain Integration,Low,Innovation Lab,2026-05-10,Research,60%,High,Future,Technology exploration,KB-025
